Date,Number,Word
January 12 2023    , 572, LEAPT
January 11 2023    , 571, SEDAN
January 10 2023    , 570, GRIMY
January 09 2023    , 569, PIXIE
January 08 2023    , 568, OPERA
January 07 2023    , 567, LEMON
January 06 2023    , 566, BELIE
January 05 2023    , 565, SLEEK
January 04 2023    , 564, LAYER
January 03 2023    , 563, ANTIC
January 02 2023    , 562, SKIRT
January 01 2023    , 561, WHINE
December 31 2022   , 560, MANLY
December 30 2022   , 559, MOLAR
December 29 2022   , 558, HAVOC
December 28 2022   , 557, IMPEL
December 27 2022   , 556, CONDO
December 26 2022   , 555, JUDGE
December 25 2022   , 554, EXTRA
December 24 2022   , 553, POISE
December 23 2022   , 552, AORTA
December 22 2022   , 551, EXCEL
December 21 2022   , 550, LUNAR
December 20 2022   , 549, THIRD
December 19 2022   , 548, SLATE
December 18 2022   , 547, TAPER
December 17 2022   , 546, CHORD
December 16 2022   , 545, PROBE
December 15 2022   , 544, RIVAL
December 14 2022   , 543, USUAL
December 13 2022   , 542, SPOKE
December 12 2022   , 541, APPLY
December 11 2022   , 540, NAIVE
December 10 2022   , 539, KNOCK
December 09 2022   , 538, BRAID
December 08 2022   , 537, INFER
December 07 2022   , 536, JOUST
December 06 2022   , 535, AMBER
December 05 2022   , 534, WOKEN
December 04 2022   , 533, ADORE
December 03 2022   , 532, TORSO
December 02 2022   , 531, CHAFE
December 01 2022   , 530, EJECT
November 30 2022   , 529, STUDY
November 29 2022   , 528, UNDUE
November 28 2022   , 527, TEPID
November 27 2022   , 526, HAPPY
November 26 2022   , 525, CLEAN
November 25 2022   , 524, ITCHY
November 24 2022   , 523, FEAST
November 23 2022   , 522, DRIVE
November 22 2022   , 521, PRIME
November 21 2022   , 520, AXIOM
November 20 2022   , 519, BRAVE
November 19 2022   , 518, AVERT
November 18 2022   , 517, GLYPH
November 17 2022   , 516, THERE
November 16 2022   , 515, BAKER
November 15 2022   , 514, SNARL
November 14 2022   , 513, MAPLE
November 13 2022   , 512, INANE
November 12 2022   , 511, VALET
November 11 2022   , 510, MEDAL
November 10 2022   , 509, UNITE
November 09 2022   , 508, RAINY
November 08 2022   , 507, SPELL
November 07 2022   , 506, BEGIN
November 06 2022   , 505, STALE
November 05 2022   , 504, DREAM
November 04 2022   , 503, PHOTO
November 03 2022   , 502, ALOUD
November 02 2022   , 501, INEPT
November 01 2022   , 500, PINEY
October 31 2022    , 499, APTLY
October 30 2022    , 498, WALTZ
October 29 2022    , 497, LIBEL
October 28 2022    , 496, SNEAK
October 27 2022    , 495, CARRY
October 26 2022    , 494, FLOUT
October 25 2022    , 493, FOGGY
October 24 2022    , 492, FAULT
October 23 2022    , 491, MUMMY
October 22 2022    , 490, SPIEL
October 21 2022    , 489, GROVE
October 20 2022    , 488, DENIM
October 19 2022    , 487, QUIRK
October 18 2022    , 486, EXIST
October 17 2022    , 485, STEIN
October 16 2022    , 484, SPADE
October 15 2022    , 483, CATCH
October 14 2022    , 482, FLOOR
October 13 2022    , 481, EQUAL
October 12 2022    , 480, IONIC
October 11 2022    , 479, VALID
October 10 2022    , 478, ENJOY
October 09 2022    , 477, HOWDY
October 08 2022    , 476, VIGOR
October 07 2022    , 475, DANDY
October 06 2022    , 474, SLOTH
October 05 2022    , 473, MARSH
October 04 2022    , 472, BOUGH
October 03 2022    , 471, STING
October 02 2022    , 470, TWINE
October 01 2022    , 469, LEAVE
September 30 2022  , 468, SCORN
September 29 2022  , 467, SCALD
September 28 2022  , 466, USURP
September 27 2022  , 465, SOGGY
September 26 2022  , 464, BRISK
September 25 2022  , 463, ADMIT
September 24 2022  , 462, GRATE
September 23 2022  , 461, GLORY
September 22 2022  , 460, SAINT
September 21 2022  , 459, RECAP
September 20 2022  , 458, ALIKE
September 19 2022  , 457, TRICE
September 18 2022  , 456, STICK
September 17 2022  , 455, CHUTE
September 16 2022  , 454, PARER
September 15 2022  , 453, DOUBT
September 14 2022  , 452, THYME
September 13 2022  , 451, ALPHA
September 12 2022  , 450, BOOZE
September 11 2022  , 449, TIBIA
September 10 2022  , 448, LOFTY
September 09 2022  , 447, THEME
September 08 2022  , 446, CLASS
September 07 2022  , 445, LEERY
September 06 2022  , 444, TAUNT
September 05 2022  , 443, WHOOP
September 04 2022  , 442, INTER
September 03 2022  , 441, GULLY
September 02 2022  , 440, CHARM
September 01 2022  , 439, FUNGI
August 31 2022 , 438, PRIZE
August 30 2022 , 437, ONSET
August 29 2022 , 436, CHIEF
August 28 2022 , 435, GAUZE
August 27 2022 , 434, RUDER
August 26 2022 , 433, IRONY
August 25 2022 , 432, CLOWN
August 24 2022 , 431, NEEDY
August 23 2022 , 430, WOVEN
August 22 2022 , 429, MERIT
August 21 2022 , 428, WASTE
August 20 2022 , 427, TREAT
August 19 2022 , 426, SHRUG
August 18 2022 , 425, TWANG
August 17 2022 , 424, TWICE
August 16 2022 , 423, GRUEL
August 15 2022 , 422, POKER
August 14 2022 , 421, KHAKI
August 13 2022 , 420, HUNKY
August 12 2022 , 419, LABEL
August 11 2022 , 418, GLEAN
August 10 2022 , 417, CLING
August 09 2022 , 416, PATTY
August 08 2022 , 415, UNFIT
August 07 2022 , 414, SMEAR
August 06 2022 , 413, ALIEN
August 05 2022 , 412, BUGGY
August 04 2022 , 411, RHYME
August 03 2022 , 410, YOUTH
August 02 2022 , 409, COYLY
August 01 2022 , 408, QUART
July 31 2022   , 407, CRAMP
July 30 2022   , 406, BLUFF
July 29 2022   , 405, UPSET
July 28 2022   , 404, STOMP
July 27 2022   , 403, MOTTO
July 26 2022   , 402, CINCH
July 25 2022   , 401, ELOPE
July 24 2022   , 400, POWER
July 23 2022   , 399, MIDGE
July 22 2022   , 398, TRYST
July 21 2022   , 397, APHID
July 20 2022   , 396, TRITE
July 19 2022   , 395, ANGRY
July 18 2022   , 394, FLOCK
July 17 2022   , 393, WACKY
July 16 2022   , 392, ROOMY
July 15 2022   , 391, WEDGE
July 14 2022   , 390, LIVER
July 13 2022   , 389, BLAND
July 12 2022   , 388, NIGHT
July 11 2022   , 387, MADAM
July 10 2022   , 386, BERTH
July 09 2022   , 385, STEAD
July 08 2022   , 384, VOICE
July 07 2022   , 383, AGAPE
July 06 2022   , 382, FLUFF
July 05 2022   , 381, FIELD
July 04 2022   , 380, SEVER
July 03 2022   , 379, LILAC
July 02 2022   , 378, EGRET
July 01 2022   , 377, PINTO
June 30 2022   , 376, HUTCH
June 29 2022   , 375, GAWKY
June 28 2022   , 374, DROLL
June 27 2022   , 373, RETRO
June 26 2022   , 372, RUSTY
June 25 2022   , 371, BEADY
June 24 2022   , 370, SMITE
June 23 2022   , 369, BRINK
June 22 2022   , 368, AWFUL
June 21 2022   , 367, GLOAT
June 20 2022   , 366, INPUT
June 19 2022   , 365, LOSER
June 18 2022   , 364, CACAO
June 17 2022   , 363, BLOWN
June 16 2022   , 362, APRON
June 15 2022   , 361, PRIMO
June 14 2022   , 360, ATONE
June 13 2022   , 359, DONOR
June 12 2022   , 358, FLOAT
June 11 2022   , 357, GOOSE
June 10 2022   , 356, PIETY
June 09 2022   , 355, GIRTH
June 08 2022   , 354, TRAIT
June 07 2022   , 353, FLOOD
June 06 2022   , 352, GLOOM
June 05 2022   , 351, DEPTH
June 04 2022   , 350, FROTH
June 03 2022   , 349, PHASE
June 02 2022   , 348, SHOWY
June 01 2022   , 347, CREAK
May 31 2022    , 346, MANOR
May 30 2022    , 345, ATOLL
May 29 2022    , 344, BAYOU
May 28 2022    , 343, CREPT
May 27 2022    , 342, TIARA
May 26 2022    , 341, ASSET
May 25 2022    , 340, VOUCH
May 24 2022    , 339, ALBUM
May 23 2022    , 338, HINGE
May 22 2022    , 337, MONEY
May 21 2022    , 336, SCRAP
May 20 2022    , 335, GAMER
May 19 2022    , 334, GLASS
May 18 2022    , 333, SCOUR
May 17 2022    , 332, BEING
May 16 2022    , 331, DELVE
May 15 2022    , 330, YIELD
May 14 2022    , 329, METAL
May 13 2022    , 328, TIPSY
May 12 2022    , 327, SLUNG
May 11 2022    , 326, FARCE
May 10 2022    , 325, GECKO
May 09 2022    , 324, SHINE
May 08 2022    , 323, CANNY
May 07 2022    , 322, MIDST
May 06 2022    , 321, BADGE
May 05 2022    , 320, HOMER
May 04 2022    , 319, TRAIN
May 03 2022    , 318, HAIRY
May 02 2022    , 317, STORY
May 01 2022    , 316, FORGO
April 30 2022  , 315, LARVA
April 29 2022  , 314, TRASH
April 28 2022  , 313, ZESTY
April 27 2022  , 312, SHOWN
April 26 2022  , 311, HEIST
April 25 2022  , 310, ASKEW
April 24 2022  , 309, INERT
April 23 2022  , 308, OLIVE
April 22 2022  , 307, PLANT
April 21 2022  , 306, OXIDE
April 20 2022  , 305, CARGO
April 19 2022  , 304, FOYER
April 18 2022  , 303, FLAIR
April 17 2022  , 302, AMPLE
April 16 2022  , 301, CHEEK
April 15 2022  , 300, SHAME
April 14 2022  , 299, MINCE
April 13 2022  , 298, CHUNK
April 12 2022  , 297, ROYAL
April 11 2022  , 296, SQUAD
April 10 2022  , 295, BLACK
April 09 2022  , 294, STAIR
April 08 2022  , 293, SCARE
April 07 2022  , 292, FORAY
April 06 2022  , 291, COMMA
April 05 2022  , 290, NATAL
April 04 2022  , 289, SHAWL
April 03 2022  , 288, FEWER
April 02 2022  , 287, TROPE
April 01 2022  , 286, SNOUT
March 31 2022  , 285, LOWLY
March 30 2022  , 284, STOVE
March 29 2022  , 283, SHALL
March 28 2022  , 282, FOUND
March 27 2022  , 281, NYMPH
March 26 2022  , 280, EPOXY
March 25 2022  , 279, DEPOT
March 24 2022  , 278, CHEST
March 23 2022  , 277, PURGE
March 22 2022  , 276, SLOSH
March 21 2022  , 275, THEIR
March 20 2022  , 274, RENEW
March 19 2022  , 273, ALLOW
March 18 2022  , 272, SAUTE
March 17 2022  , 271, MOVIE
March 16 2022  , 270, CATER
March 15 2022  , 269, TEASE
March 14 2022  , 268, SMELT
March 13 2022  , 267, FOCUS
March 12 2022  , 266, TODAY
March 11 2022  , 265, WATCH
March 10 2022  , 264, LAPSE
March 09 2022  , 263, MONTH
March 08 2022  , 262, SWEET
March 07 2022  , 261, HOARD
March 06 2022  , 260, CLOTH
March 05 2022  , 259, BRINE
March 04 2022  , 258, AHEAD
March 03 2022  , 257, MOURN
March 02 2022  , 256, NASTY
March 01 2022  , 255, RUPEE
